content_id,rank,score,action,reason_codes,impression_window_ratio,avg_position,ctr,log_impressions_90d,content_age_days,days_since_last_update
content_551fe371f51b,1,1.0,Refresh,"STRONG_IMPRESSION_DECLINE, WEAK_SEARCH_POSITION, CTR_BELOW_1PCT",0.1587171417172747,23.8,0.04,11.65953348460632,224,20
content_20e876d26019,2,1.0,Refresh,"STRONG_IMPRESSION_DECLINE, WEAK_SEARCH_POSITION, CTR_BELOW_1PCT",0.05992247791318923,27.3,0.02,11.00126616045566,224,20
content_3437133c7ccf,3,1.0,Refresh,"STRONG_IMPRESSION_DECLINE, CTR_BELOW_1PCT",0.07384000875465091,7.0,0.09,10.804806768480137,421,7
content_65114d89496d,4,1.0,Refresh,"STRONG_IMPRESSION_DECLINE, CTR_BELOW_1PCT",0.2520522112113593,6.5,0.02,11.193160875051593,482,22
content_73e5410650b9,5,1.0,Refresh,"STRONG_IMPRESSION_DECLINE, CTR_BELOW_1PCT",0.1611132109252223,7.0,0.06,11.055119145179875,148,20
content_ec66c58d9826,6,1.0,Refresh,"STRONG_IMPRESSION_DECLINE, CTR_BELOW_1PCT",0.04806794202096378,4.8,0.66,11.125511451119438,224,20
content_5fe46e04994d,7,1.0,Refresh,"STRONG_IMPRESSION_DECLINE, CTR_BELOW_1PCT",0.5520965692503177,4.2,0.14,13.15718210834249,537,104
content_ea60515fd480,8,1.0,Refresh,"STRONG_IMPRESSION_DECLINE, CTR_BELOW_1PCT",0.23762004175365345,5.0,0.81,11.908447975528656,224,20
content_1276a0c674ce,9,1.0,Refresh,"STRONG_IMPRESSION_DECLINE, CTR_BELOW_1PCT",0.18892233072775697,6.7,0.2,11.212549835792755,224,20
content_66b4046cc144,10,1.0,Refresh,"STRONG_IMPRESSION_DECLINE, WEAK_SEARCH_POSITION, CTR_BELOW_1PCT",0.10689291949843441,26.6,0.03,12.289567848017233,225,20
content_8d3971bfd976,11,1.0,Refresh,"STRONG_IMPRESSION_DECLINE, WEAK_SEARCH_POSITION, CTR_BELOW_1PCT",0.23212123435952006,21.8,0.03,11.502117266253626,95,20
content_33da44cb09c9,12,1.0,Refresh,"STRONG_IMPRESSION_DECLINE, CTR_BELOW_1PCT",0.11146194255057561,5.9,0.18,11.648583345016876,326,14
content_1ecf6336a95d,13,1.0,Refresh,"STRONG_IMPRESSION_DECLINE, CTR_BELOW_1PCT",0.18153018026858056,5.1,0.26,11.13939497539241,90,20
content_0919dd345d80,14,1.0,Refresh,"STRONG_IMPRESSION_DECLINE, CTR_BELOW_1PCT",0.23883272852946258,7.0,0.02,11.68870902892443,326,7
content_b51e2e4d22ff,15,1.0,Refresh,"STRONG_IMPRESSION_DECLINE, WEAK_SEARCH_POSITION, CTR_BELOW_1PCT",0.2541273452104777,41.2,0.04,11.427324002674503,141,20
content_8053a66bd6ac,16,1.0,Refresh,"STRONG_IMPRESSION_DECLINE, CTR_BELOW_1PCT",0.10248331329546868,2.6,0.08,10.872143004616145,236,104
content_76e77629e9f1,17,1.0,Refresh,"STRONG_IMPRESSION_DECLINE, CTR_BELOW_1PCT",0.2868043443792611,5.7,0.09,11.567830230139514,154,20
content_150f89b1d73b,18,1.0,Refresh,"STRONG_IMPRESSION_DECLINE, WEAK_SEARCH_POSITION, CTR_BELOW_1PCT",0.18100352827301963,45.0,0.04,11.33249412059865,141,20
content_8c19996aa890,19,1.0,Refresh,"STRONG_IMPRESSION_DECLINE, CTR_BELOW_1PCT",0.5546923439398824,2.5,0.15,13.140700225087901,445,20
content_cf56e2e2e282,20,1.0,Refresh,"STRONG_IMPRESSION_DECLINE, CTR_BELOW_1PCT",0.14422753909895114,19.7,0.15,11.029698795395019,231,194
content_370de6e8e035,21,1.0,Refresh,"STRONG_IMPRESSION_DECLINE, WEAK_SEARCH_POSITION, CTR_BELOW_1PCT",0.27588641528583724,39.7,0.13,11.64736894151972,141,20
content_acf71f98ada2,22,1.0,Refresh,"STRONG_IMPRESSION_DECLINE, WEAK_SEARCH_POSITION, CTR_BELOW_1PCT",0.13258903104881428,23.1,0.09,11.179548433256318,224,20
content_124763d39ca5,23,1.0,Refresh,"STRONG_IMPRESSION_DECLINE, WEAK_SEARCH_POSITION, CTR_BELOW_1PCT",0.2689172651072575,33.2,0.01,11.77378089941829,286,104
content_a20c25627ed7,24,1.0,Refresh,"STRONG_IMPRESSION_DECLINE, CTR_BELOW_1PCT",0.2753838533927687,8.1,0.12,11.396481532315075,445,25
content_fb66dd8f4629,25,1.0,Refresh,"STRONG_IMPRESSION_DECLINE, WEAK_SEARCH_POSITION, CTR_BELOW_1PCT",0.146348171138962,56.5,0.09,10.389579812881443,216,104
content_a7c2dfc8a6ec,26,1.0,Refresh,"STRONG_IMPRESSION_DECLINE, WEAK_SEARCH_POSITION, CTR_BELOW_1PCT",0.22569895010027133,39.9,0.01,11.249857953282367,141,20
content_a4188e703dee,27,1.0,Refresh,"STRONG_IMPRESSION_DECLINE, CTR_BELOW_1PCT",0.07854797745152697,5.7,0.14,10.282197923335472,326,14
content_fb4bf6555c79,28,1.0,Refresh,"STRONG_IMPRESSION_DECLINE, WEAK_SEARCH_POSITION, CTR_BELOW_1PCT",0.1703037744069072,45.6,0.0,11.339690499777435,299,104
content_c9147cda01f0,29,1.0,Refresh,"STRONG_IMPRESSION_DECLINE, CTR_BELOW_1PCT",0.11524081812183858,7.7,0.28,10.224737370956664,421,25
content_8b71a7c484a0,30,1.0,Refresh,"STRONG_IMPRESSION_DECLINE, CTR_BELOW_1PCT",0.08695652173913043,6.8,0.06,10.028444791940512,153,104
content_998f6f88784c,31,1.0,Refresh,"STRONG_IMPRESSION_DECLINE, CTR_BELOW_1PCT",0.02349653245005693,2.6,0.02,9.39715183404299,148,8
content_d07ea098353c,32,1.0,Refresh,"STRONG_IMPRESSION_DECLINE, CTR_BELOW_1PCT",0.3118497438816164,9.4,0.03,11.056698500183844,258,104
content_c8f7e3b9891c,33,1.0,Refresh,STRONG_IMPRESSION_DECLINE,0.0241196333815726,5.8,1.01,9.395158808968725,106,106
content_2340840d66ac,34,1.0,Refresh,"STRONG_IMPRESSION_DECLINE, CTR_BELOW_1PCT",0.2625847418632473,11.4,0.82,11.116603431278344,224,20
content_bdd7c88a58ed,35,1.0,Refresh,"STRONG_IMPRESSION_DECLINE, CTR_BELOW_1PCT",0.2668387413962635,3.1,0.84,11.077810100438713,421,14
content_6352ef618f56,36,1.0,Refresh,"STRONG_IMPRESSION_DECLINE, CTR_BELOW_1PCT",0.09272521673577083,5.0,0.23,10.109647698809924,421,20
content_ee362970dd57,37,1.0,Refresh,"STRONG_IMPRESSION_DECLINE, CTR_BELOW_1PCT",0.2008681077828871,6.7,0.29,10.590566357694467,95,20
content_b1bc831deff1,38,1.0,Refresh,"STRONG_IMPRESSION_DECLINE, CTR_BELOW_1PCT",0.0663132626525305,12.1,0.03,9.371182897093012,545,25
content_095661034f9b,39,1.0,Refresh,"STRONG_IMPRESSION_DECLINE, WEAK_SEARCH_POSITION, CTR_BELOW_1PCT",0.08405438813349815,39.4,0.0,10.065351267427687,287,104
content_7a6df559322d,40,1.0,Refresh,"STRONG_IMPRESSION_DECLINE, CTR_BELOW_1PCT",0.05295735900962861,0.7,0.14,10.683981470512775,126,104
content_8b36799b7e44,41,1.0,Refresh,"STRONG_IMPRESSION_DECLINE, WEAK_SEARCH_POSITION, CTR_BELOW_1PCT",0.3732309545317675,32.0,0.02,11.859355104555387,299,104
content_a8cee66e4788,42,1.0,Refresh,"STRONG_IMPRESSION_DECLINE, LOW_VISIBILITY",0.0,2.0,100.0,0.6931471805599453,489,20
content_7368877ea310,43,1.0,Refresh,"STRONG_IMPRESSION_DECLINE, WEAK_SEARCH_POSITION, CTR_BELOW_1PCT",0.18454474404064086,24.8,0.13,10.993277707031128,231,194
content_70b8f5323e29,44,1.0,Refresh,STRONG_IMPRESSION_DECLINE,0.2588286586251998,19.8,1.18,11.048378918724966,141,20
content_8f65a4dbfd0e,45,1.0,Refresh,"STRONG_IMPRESSION_DECLINE, CTR_BELOW_1PCT",0.060610062062590786,1.1,0.05,9.195125206169703,256,104
content_88aa778b4b07,46,1.0,Refresh,"STRONG_IMPRESSION_DECLINE, WEAK_SEARCH_POSITION, CTR_BELOW_1PCT",0.1263482280431433,31.4,0.01,10.194514026238298,132,20
content_e454093819d5,47,1.0,Refresh,"STRONG_IMPRESSION_DECLINE, LOW_VISIBILITY",0.0,2.5,75.0,1.6094379124341003,301,211
content_5c7986c4bc99,48,1.0,Refresh,"STRONG_IMPRESSION_DECLINE, CTR_BELOW_1PCT",0.09039305986933704,9.3,0.28,9.32420462812523,216,104
content_2904469ee111,49,1.0,Refresh,"STRONG_IMPRESSION_DECLINE, CTR_BELOW_1PCT, LOW_VISIBILITY",0.0,12.8,0.0,2.5649493574615367,180,28
content_b9501e96d640,50,1.0,Refresh,"STRONG_IMPRESSION_DECLINE, CTR_BELOW_1PCT",0.016717748676511563,13.1,0.11,9.500768670095988,279,20
content_ff67adc622e5,51,1.0,Refresh,"STRONG_IMPRESSION_DECLINE, WEAK_SEARCH_POSITION, CTR_BELOW_1PCT",0.2987545610807877,33.6,0.05,11.174413148801122,139,104
content_99f585dbaf10,52,1.0,Refresh,"STRONG_IMPRESSION_DECLINE, WEAK_SEARCH_POSITION, CTR_BELOW_1PCT",0.2853601340033501,32.5,0.5,11.129070173736432,147,20
content_007d1f134801,53,1.0,Refresh,"STRONG_IMPRESSION_DECLINE, CTR_BELOW_1PCT",0.18679234098049677,6.4,0.9,10.343998002387092,326,25
content_3d94572c3a35,54,1.0,Refresh,"STRONG_IMPRESSION_DECLINE, CTR_BELOW_1PCT",0.47555890929554406,4.3,0.24,12.158058180428414,124,104
content_655e0433ba5e,55,1.0,Refresh,"STRONG_IMPRESSION_DECLINE, WEAK_SEARCH_POSITION, CTR_BELOW_1PCT",0.19340452998474358,20.8,0.49,10.265801566988308,90,20
content_2aa2be227319,56,1.0,Refresh,"STRONG_IMPRESSION_DECLINE, WEAK_SEARCH_POSITION, CTR_BELOW_1PCT",0.03078180332334514,33.9,0.0,8.350902451694811,236,104
content_79f237777d7a,57,1.0,Refresh,"STRONG_IMPRESSION_DECLINE, WEAK_SEARCH_POSITION, CTR_BELOW_1PCT",0.34251000074539717,28.6,0.19,11.438815954353785,287,104
content_2333ccd359f7,58,1.0,Refresh,"STRONG_IMPRESSION_DECLINE, WEAK_SEARCH_POSITION, CTR_BELOW_1PCT",0.1704736877568897,21.3,0.14,10.675469018613882,224,20
content_db9497df5b13,59,1.0,Refresh,"STRONG_IMPRESSION_DECLINE, CTR_BELOW_1PCT, LOW_VISIBILITY",0.0,6.6,0.0,4.394449154672439,144,28
content_c0e96a7db2c6,60,1.0,Refresh,"STRONG_IMPRESSION_DECLINE, WEAK_SEARCH_POSITION, CTR_BELOW_1PCT",0.034761519805982216,32.2,0.0,9.095602694505759,333,104
content_331a01416e92,61,1.0,Refresh,"STRONG_IMPRESSION_DECLINE, CTR_BELOW_1PCT",0.0,4.7,0.06,8.18088094199639,445,104
content_ad5f14f99724,62,1.0,Refresh,"STRONG_IMPRESSION_DECLINE, CTR_BELOW_1PCT",0.0,5.5,0.0,5.82600010738045,112,8
content_c0af3d6f9dd3,63,1.0,Refresh,"STRONG_IMPRESSION_DECLINE, LOW_VISIBILITY",0.0,3.5,50.0,1.0986122886681098,302,20
content_777b979f86bc,64,1.0,Refresh,"STRONG_IMPRESSION_DECLINE, CTR_BELOW_1PCT, LOW_VISIBILITY",0.0,6.1,0.0,3.9318256327243257,98,8
content_4092ad6d1f71,65,1.0,Refresh,"STRONG_IMPRESSION_DECLINE, CTR_BELOW_1PCT",0.09825710609428004,3.8,0.07,10.753360665540567,326,7
content_2a57f2016a14,66,1.0,Refresh,"STRONG_IMPRESSION_DECLINE, CTR_BELOW_1PCT",0.0040286481647269475,0.6,0.04,7.751475318021456,131,15
content_1c3c580cf33a,67,1.0,Refresh,"STRONG_IMPRESSION_DECLINE, CTR_BELOW_1PCT, LOW_VISIBILITY",0.0,5.5,0.0,4.060443010546419,526,20
content_e74933316051,68,1.0,Refresh,"STRONG_IMPRESSION_DECLINE, CTR_BELOW_1PCT",0.0,5.7,0.0,7.423568444259167,99,8
content_12c24d0eb225,69,1.0,Refresh,"STRONG_IMPRESSION_DECLINE, WEAK_SEARCH_POSITION, CTR_BELOW_1PCT, LOW_VISIBILITY",0.0,23.7,0.0,5.655991810819852,263,41
content_9d26a36928a1,70,1.0,Refresh,"STRONG_IMPRESSION_DECLINE, WEAK_SEARCH_POSITION, CTR_BELOW_1PCT, LOW_VISIBILITY",0.0,26.2,0.0,5.056245805348308,93,8
content_b3e0a7cfca09,71,1.0,Refresh,"STRONG_IMPRESSION_DECLINE, CTR_BELOW_1PCT",0.2898709653836313,2.9,0.85,11.007385845633475,90,20
content_a5de7106e8a0,72,1.0,Refresh,"STRONG_IMPRESSION_DECLINE, CTR_BELOW_1PCT",0.3028781268635636,5.9,0.1,10.757626246687856,98,20
content_094110291f27,73,1.0,Refresh,"STRONG_IMPRESSION_DECLINE, CTR_BELOW_1PCT, LOW_VISIBILITY",0.0,10.3,0.0,5.062595033026967,96,8
content_da094bbf1de9,74,1.0,Refresh,"STRONG_IMPRESSION_DECLINE, CTR_BELOW_1PCT, LOW_VISIBILITY",0.0,9.4,0.0,4.477336814478207,165,60
content_ecaff68e21e3,75,1.0,Refresh,"STRONG_IMPRESSION_DECLINE, CTR_BELOW_1PCT",0.07479477044694435,2.3,0.14,9.1689974084418,112,20
content_aaee0ce51abf,76,1.0,Refresh,"STRONG_IMPRESSION_DECLINE, CTR_BELOW_1PCT, LOW_VISIBILITY",0.0,7.5,0.0,1.0986122886681098,489,20
content_fb50f211378d,77,1.0,Refresh,"STRONG_IMPRESSION_DECLINE, CTR_BELOW_1PCT, LOW_VISIBILITY",0.0,12.3,0.36,5.634789603169249,90,20
content_49a514fb49fb,78,1.0,Refresh,"STRONG_IMPRESSION_DECLINE, CTR_BELOW_1PCT",0.24248443914713283,7.3,0.09,10.421060362759361,103,20
content_e50fa521e5ec,79,1.0,Refresh,"STRONG_IMPRESSION_DECLINE, WEAK_SEARCH_POSITION, CTR_BELOW_1PCT, LOW_VISIBILITY",0.0,23.2,0.0,4.718498871295094,90,20
content_0f6ac970c929,80,1.0,Refresh,"STRONG_IMPRESSION_DECLINE, WEAK_SEARCH_POSITION, CTR_BELOW_1PCT, LOW_VISIBILITY",0.0,21.2,0.0,5.442417710521793,90,20
content_1fddbbbaf30e,81,1.0,Refresh,"STRONG_IMPRESSION_DECLINE, CTR_BELOW_1PCT",0.0,1.7,0.0,5.978885764901122,223,41
content_f5a5e136a06e,82,1.0,Refresh,"STRONG_IMPRESSION_DECLINE, LOW_VISIBILITY",0.0,5.4,1.11,4.51085950651685,90,20
content_dfce82404813,83,1.0,Refresh,"STRONG_IMPRESSION_DECLINE, LOW_VISIBILITY",0.0,9.0,33.33,1.3862943611198906,131,8
content_1023abe9e4dd,84,1.0,Refresh,"STRONG_IMPRESSION_DECLINE, CTR_BELOW_1PCT, LOW_VISIBILITY",0.0,4.6,0.0,4.927253685157205,95,8
content_72f65ab80b1d,85,1.0,Refresh,"STRONG_IMPRESSION_DECLINE, CTR_BELOW_1PCT, LOW_VISIBILITY",0.0,10.4,0.0,5.288267030694535,90,8
content_a52e78fd9bfa,86,1.0,Refresh,"STRONG_IMPRESSION_DECLINE, WEAK_SEARCH_POSITION, CTR_BELOW_1PCT, LOW_VISIBILITY",0.0,31.7,0.0,2.772588722239781,229,104
content_20c5d6a1c7b1,87,1.0,Refresh,"STRONG_IMPRESSION_DECLINE, CTR_BELOW_1PCT, LOW_VISIBILITY",0.0,6.2,0.0,5.308267697401205,91,8
content_327bbfd6df97,88,1.0,Refresh,"STRONG_IMPRESSION_DECLINE, CTR_BELOW_1PCT, LOW_VISIBILITY",0.0,5.7,0.0,3.6635616461296463,111,8
content_6975a25ebe69,89,1.0,Refresh,"STRONG_IMPRESSION_DECLINE, WEAK_SEARCH_POSITION, CTR_BELOW_1PCT, LOW_VISIBILITY",0.0,45.0,0.0,5.6937321388027,90,20
content_b9679cecf73d,90,1.0,Refresh,"STRONG_IMPRESSION_DECLINE, WEAK_SEARCH_POSITION, CTR_BELOW_1PCT",0.007575757575757576,33.9,0.0,6.568077911411976,223,41
content_812572c0844b,91,1.0,Refresh,"STRONG_IMPRESSION_DECLINE, CTR_BELOW_1PCT, LOW_VISIBILITY",0.016129032258064516,18.4,0.0,5.572154032177765,263,41
content_5d7fa6c841f9,92,1.0,Refresh,"STRONG_IMPRESSION_DECLINE, CTR_BELOW_1PCT, LOW_VISIBILITY",0.0,13.0,0.0,3.8066624897703196,90,20
content_ff15f754e626,93,1.0,Refresh,"STRONG_IMPRESSION_DECLINE, WEAK_SEARCH_POSITION, CTR_BELOW_1PCT, LOW_VISIBILITY",0.0,21.8,0.0,5.393627546352362,90,20
content_b7e5b7cf98e3,94,1.0,Refresh,"STRONG_IMPRESSION_DECLINE, WEAK_SEARCH_POSITION, CTR_BELOW_1PCT, LOW_VISIBILITY",0.0,76.6,0.0,5.455321115357702,90,20
content_81353b21b26a,95,1.0,Refresh,"STRONG_IMPRESSION_DECLINE, LOW_VISIBILITY",0.0,3.0,40.0,1.791759469228055,309,20
content_2ab44dbca810,96,1.0,Refresh,"STRONG_IMPRESSION_DECLINE, CTR_BELOW_1PCT",0.1815793019808651,4.6,0.17,10.330811994997186,98,20
content_7932fbf97bec,97,1.0,Refresh,"STRONG_IMPRESSION_DECLINE, CTR_BELOW_1PCT, LOW_VISIBILITY",0.0,7.8,0.0,5.5909869805108565,105,105
content_21f144b25bba,98,1.0,Refresh,"STRONG_IMPRESSION_DECLINE, CTR_BELOW_1PCT, LOW_VISIBILITY",0.0,7.5,0.4,5.53338948872752,90,8
content_bf7bb877a547,99,1.0,Refresh,"STRONG_IMPRESSION_DECLINE, WEAK_SEARCH_POSITION, CTR_BELOW_1PCT, LOW_VISIBILITY",0.0,21.4,0.0,3.367295829986474,90,20
content_06b328857217,100,1.0,Refresh,"STRONG_IMPRESSION_DECLINE, CTR_BELOW_1PCT",0.0,18.7,0.26,5.942799375126701,90,20
