page_id,rank,score,action,reason_codes,click_trend,impression_trend,ctr_trend,position_trend,click_volatility,impressions_hist
SYN_00431,1,1.0,Refresh,GENERAL_MONITOR,-0.11570247933884298,-0.05405405405405406,-0.0031113490967505583,0.49938945835492987,0.572081488326217,9864
SYN_00483,2,0.9999,Refresh,CLICK_TREND_WEAKENING,-0.17238421955403088,-0.04927577029378647,-0.0019319316272653798,0.42828133163974336,0.4071836130402051,152453
SYN_00408,3,0.9999,Refresh,CLICK_TREND_WEAKENING,-0.16131756756756757,-0.04635613227868824,-0.0024596458082371056,0.4317554496277154,0.34395068893694364,113368
SYN_00410,4,0.9999,Refresh,GENERAL_MONITOR,-0.07540983606557378,-0.052069018170713084,-0.001146737992579333,0.498728245758258,0.46160096985323984,12757
SYN_00491,5,0.9999,Refresh,CLICK_TREND_WEAKENING,-0.15518351577591757,-0.05057872205485968,-0.0067823665935538915,0.2777298329307314,0.2578520809932861,49180
SYN_00479,6,0.9998,Refresh,CLICK_TREND_WEAKENING,-0.18449612403100776,-0.04106094262024676,-0.002121822210218359,0.3480052487430729,0.5145225626076436,89071
SYN_00400,7,0.9991,Refresh,GENERAL_MONITOR,-0.0681547619047619,-0.0445011190339874,-0.0014430809464684308,0.39839983979974214,0.18682450563278075,112713
SYN_00418,8,0.9988,Refresh,GENERAL_MONITOR,-0.07281177381874517,-0.04603368703404205,-0.0014294785824946962,0.31073611175866667,0.20641370329656913,99070
SYN_00496,9,0.9985,Refresh,GENERAL_MONITOR,-0.07854461449610164,-0.04385268535137374,-0.0021684412509826723,0.3225873936726149,0.18462959420807756,113347
SYN_00444,10,0.9981,Refresh,GENERAL_MONITOR,-0.07798833819241982,-0.05382805359469498,-0.0013625695393311432,0.08509194905469819,0.16330448218800542,100078
SYN_00435,11,0.998,Refresh,GENERAL_MONITOR,0.0170316301703163,-0.053240911437209645,0.004499106566039898,0.34201666569381217,0.27788482903295963,26400
SYN_00428,12,0.998,Refresh,GENERAL_MONITOR,0.04171779141104295,-0.0440424251542049,0.0009166381621313422,0.5305900839342321,0.4265290204654409,156015
SYN_00423,13,0.9967,Refresh,GENERAL_MONITOR,-0.1141747572815534,-0.042947834172304335,-0.0030722344931458853,0.16099644147102676,0.20069935231210315,122077
SYN_00493,14,0.9954,Refresh,GENERAL_MONITOR,-0.037910699241786014,-0.04382359475672073,0.0004077029901961987,0.29347616648077945,0.24279614006176206,35219
SYN_00466,15,0.995,Refresh,GENERAL_MONITOR,-0.02857142857142857,-0.044000706838664076,0.001530569193484238,0.3362977651672594,0.22524367155207659,33207
SYN_00406,16,0.9949,Refresh,GENERAL_MONITOR,-0.0866783013379872,-0.035741229724632215,-0.0021408514939696144,0.3048078379332857,0.20753734501762477,83316
SYN_00405,17,0.9949,Refresh,GENERAL_MONITOR,-0.03909465020576132,-0.03599459715985836,-0.00017116209114729358,0.44145912348633587,0.23250215759664,53800
SYN_00412,18,0.9929,Refresh,GENERAL_MONITOR,-0.07054370268410186,-0.04392759790559488,-0.001586495200015206,0.15190511147317753,0.20263883088643128,99746
SYN_00403,19,0.9912,Refresh,GENERAL_MONITOR,-0.06012884753042233,-0.043691629735346404,-0.00030060733701263095,0.15524009085055646,0.3533706431880369,156266
SYN_00463,20,0.9898,Refresh,GENERAL_MONITOR,-0.09410222804718217,-0.03713226595157347,-0.003560564299319266,0.1937598346600531,0.16295187034604855,124436
